"title","rating","reviews","type","address","description","serviceOptions","gpsCoordinates","placeUrl","dataId","website"
"Annu girls Hostel","5.0","7","Hostel","P-26, near jain mandir","083499 14422","""1-Very very clean hostel.""","{""latitude"":""21.2238178"",""longitude"":""81.6593557""}","https://www.google.com/maps/place/Annu+girls+Hostel/data=!4m7!3m6!1s0x3a28ddfd3706ebf5:0x4696a4081574852!8m2!3d21.2238178!4d81.6593557!16s%2Fg%2F11j4y5g4dh!19sChIJ9esGN_3dKDoRUkhXgUBqaQQ?authuser=0&hl=en&rclk=1","0x3a28ddfd3706ebf5:0x4696a4081574852",
"Anshika Home PG","5.0","2","Backpacker Hostel","C-1/27/7","094252 04132","","{""latitude"":""21.2255441"",""longitude"":""81.6605459""}","https://www.google.com/maps/place/Anshika+Home+PG/data=!4m7!3m6!1s0x3a28dde5ecf21261:0x1cde50587716846d!8m2!3d21.2255441!4d81.6605459!16s%2Fg%2F11k9p2vph9!19sChIJYRLy7OXdKDoRbYQWd1hQ3hw?authuser=0&hl=en&rclk=1","0x3a28dde5ecf21261:0x1cde50587716846d","https://www.anshikahomekitchen.com/"
"Hostel to stay",,,"Backpacker Hostel","6M82+87C",,"","{""latitude"":""21.2158072"",""longitude"":""81.6506535""}","https://www.google.com/maps/place/Hostel+to+stay/data=!4m7!3m6!1s0x3a28dd66f34e1cf9:0xc148871e4bc87d08!8m2!3d21.2158072!4d81.6506535!16s%2Fg%2F11tx6w2cxl!19sChIJ-RxO82bdKDoRCH3ISx6HSME?authuser=0&hl=en&rclk=1","0x3a28dd66f34e1cf9:0xc148871e4bc87d08",
"SC ST Boys Hostel Campus Pensionbada","4.1","73","Student housing center","Pension Bada Rd",,"","{""latitude"":""21.2304365"",""longitude"":""81.6484889""}","https://www.google.com/maps/place/SC+ST+Boys+Hostel+Campus+Pensionbada/data=!4m7!3m6!1s0x3a28dda876e611ff:0xf6c72318ba9922d3!8m2!3d21.2304365!4d81.6484889!16s%2Fg%2F11ckqrrjc9!19sChIJ_xHmdqjdKDoR0yKZuhgjx_Y?authuser=0&hl=en&rclk=1","0x3a28dda876e611ff:0xf6c72318ba9922d3",
"KK Girls Hostel","3.9","23","Girl's Hostel","new rajendra nagar near govind sarang complex","Closed â‹… Opens 6â€¯am Sat  072249 75099","""This hostel is best for students or job person""","{""latitude"":""21.2244829"",""longitude"":""81.66069""}","https://www.google.com/maps/place/KK+Girls+Hostel/data=!4m7!3m6!1s0x3a28dd36d356b1bb:0xa6d5411eddef7b4c!8m2!3d21.2244829!4d81.66069!16s%2Fg%2F11nrwhjn8t!19sChIJu7FW0zbdKDoRTHvv3R5B1aY?authuser=0&hl=en&rclk=1","0x3a28dd36d356b1bb:0xa6d5411eddef7b4c",
"Holy Cross Womens Hostel","2.0","1","Working Women's Hostel","6MP3+VPG",,"","{""latitude"":""21.2371833"",""longitude"":""81.6543251""}","https://www.google.com/maps/place/Holy+Cross+Womens+Hostel/data=!4m7!3m6!1s0x3a28dda7c61ccf63:0xdf8c96089fc67621!8m2!3d21.2371833!4d81.6543251!16s%2Fg%2F11rxmdb5l2!19sChIJY88cxqfdKDoRIXbGnwiWjN8?authuser=0&hl=en&rclk=1","0x3a28dda7c61ccf63:0xdf8c96089fc67621",
"Vaachi girl's hostel","4.4","20","Girl's Hostel","Sangam Chowk",,"""Amazing hostel and owner have good nature , highly recommended !!""","{""latitude"":""21.2154772"",""longitude"":""81.6471916""}","https://www.google.com/maps/place/Vaachi+girl%27s+hostel/data=!4m7!3m6!1s0x3a28ddb6345f67e5:0xa2b0f1e46792e0da!8m2!3d21.2154772!4d81.6471916!16s%2Fg%2F11sh156llm!19sChIJ5WdfNLbdKDoR2uCSZ-TxsKI?authuser=0&hl=en&rclk=1","0x3a28ddb6345f67e5:0xa2b0f1e46792e0da",
"#Boys Hostel","4.0","2","Hostel","P-2B, Ring Road No. 1, near Jagarnath Mandir","Open â‹… Closes 6â€¯pm  097553 12230","","{""latitude"":""21.2200147"",""longitude"":""81.6532053""}","https://www.google.com/maps/place/%23Boys+Hostel/data=!4m7!3m6!1s0x3a28ddef542adfc5:0x46d4c221eb0c8cb!8m2!3d21.2200147!4d81.6532053!16s%2Fg%2F11q4c673rt!19sChIJxd8qVO_dKDoRy8iwHiJMbQQ?authuser=0&hl=en&rclk=1","0x3a28ddef542adfc5:0x46d4c221eb0c8cb",
"Sharma Girls And Boys Hostel","4.3","91","Hostel","Sharma Hostel","Open 24 hours  091659 09999","""Very nice hostel, supportive wardens""","{""latitude"":""21.2162487"",""longitude"":""81.6470708""}","https://www.google.com/maps/place/Sharma+Girls+And+Boys+Hostel/data=!4m7!3m6!1s0x3a28dc55c2f5ebeb:0x7dbad00daad22fe2!8m2!3d21.2162487!4d81.6470708!16s%2Fg%2F11fy4v8zg3!19sChIJ6-v1wlXcKDoR4i_Sqg3Qun0?authuser=0&hl=en&rclk=1","0x3a28dc55c2f5ebeb:0x7dbad00daad22fe2",
"your-space Raipur",,,"Youth Hostel","Pujari Complex, your-space SHBH, behind axis bank","084477 07093","","{""latitude"":""21.2225634"",""longitude"":""81.6482456""}","https://www.google.com/maps/place/your-space+Raipur/data=!4m7!3m6!1s0x3a28dd1af8f77147:0x12dce61039853fb4!8m2!3d21.2225634!4d81.6482456!16s%2Fg%2F11kjg35zqr!19sChIJR3H3-BrdKDoRtD-FORDm3BI?authuser=0&hl=en&rclk=1","0x3a28dd1af8f77147:0x12dce61039853fb4","http://www.your-space.in/"
"Arihant darshan girls hostel",,,"Backpacker Hostel","6J8X+WP2",,"","{""latitude"":""21.2172615"",""longitude"":""81.6492804""}","https://www.google.com/maps/place/Arihant+darshan+girls+hostel/data=!4m7!3m6!1s0x3a28dd6fcb741613:0x10fa7bb7e622397!8m2!3d21.2172615!4d81.6492804!16s%2Fg%2F11tx5fk63t!19sChIJExZ0y2_dKDoRlyNifrunDwE?authuser=0&hl=en&rclk=1","0x3a28dd6fcb741613:0x10fa7bb7e622397",
"SHREE M.K GIRLS HOSTEL","4.1","102","Girl's Hostel","Raipur - Abhanpur Rd","Open â‹… Closes 9:30â€¯pm  070005 82152","""One of the good hostel for Girls coming from other place.""","{""latitude"":""21.2208427"",""longitude"":""81.6481496""}","https://www.google.com/maps/place/SHREE+M.K+GIRLS+HOSTEL/data=!4m7!3m6!1s0x3a28ddf476eef93f:0x23230f89152538ae!8m2!3d21.2208427!4d81.6481496!16s%2Fg%2F11h3g3vnwy!19sChIJP_nudvTdKDoRrjglFYkPIyM?authuser=0&hl=en&rclk=1","0x3a28ddf476eef93f:0x23230f89152538ae",
"Jain PG & Hostel For Boys & Girls","5.0","3","Student housing center","A-48",,"","{""latitude"":""21.2183408"",""longitude"":""81.6588175""}","https://www.google.com/maps/place/Jain+PG+%26+Hostel+For+Boys+%26+Girls/data=!4m7!3m6!1s0x3a28ddc4090fd7d9:0x3b9ffadea7b66a30!8m2!3d21.2183408!4d81.6588175!16s%2Fg%2F11rwr58qt5!19sChIJ2dcPCcTdKDoRMGq2p976nzs?authuser=0&hl=en&rclk=1","0x3a28ddc4090fd7d9:0x3b9ffadea7b66a30",
"Agarwal Homes","4.8","180","Backpacker Hostel","D-347",,"""Hostel provides wifi, washing machine.""","{""latitude"":""21.226021"",""longitude"":""81.6521245""}","https://www.google.com/maps/place/Agarwal+Homes/data=!4m7!3m6!1s0x3a28dd91f324aa7b:0xeb50bbbe6c78b1ac!8m2!3d21.226021!4d81.6521245!16s%2Fg%2F11qnt5ryw_!19sChIJe6ok85HdKDoRrLF4bL67UOs?authuser=0&hl=en&rclk=1","0x3a28dd91f324aa7b:0xeb50bbbe6c78b1ac",
"Beehive hostel","5.0","9","Girl's Hostel","near fawwara chowk","Open â‹… Closes 9:30â€¯pm","""Not just an another hostel.""","{""latitude"":""21.2349112"",""longitude"":""81.6453058""}","https://www.google.com/maps/place/Beehive+hostel/data=!4m7!3m6!1s0x3a28dd6878d1128b:0xf8d278852156e9a!8m2!3d21.2349112!4d81.6453058!16s%2Fg%2F11jzkybw_y!19sChIJixLReGjdKDoRmm4VUognjQ8?authuser=0&hl=en&rclk=1","0x3a28dd6878d1128b:0xf8d278852156e9a",
"DEKATE BOYS HOSTEL","4.2","6","Student housing center","6J9V+WWC, Unnamed Road",,"","{""latitude"":""21.2198041"",""longitude"":""81.6447601""}","https://www.google.com/maps/place/DEKATE+BOYS+HOSTEL/data=!4m7!3m6!1s0x3a28dd0f2969de81:0x28a72fe371716e8!8m2!3d21.2198041!4d81.6447601!16s%2Fg%2F11mxcxsb8q!19sChIJgd5pKQ_dKDoR6BYXN_5yigI?authuser=0&hl=en&rclk=1","0x3a28dd0f2969de81:0x28a72fe371716e8",
"MAHMOOD HOSTEL","2.6","9","Boy's Hostel","6JMV+X9X, Gwali mohalla",,"","{""latitude"":""21.2349914"",""longitude"":""81.6434806""}","https://www.google.com/maps/place/MAHMOOD+HOSTEL/data=!4m7!3m6!1s0x3a28dda65ee653a3:0x4d1fa2da7eface69!8m2!3d21.2349914!4d81.6434806!16s%2Fg%2F11fyxbbmlp!19sChIJo1PmXqbdKDoRac76ftqiH00?authuser=0&hl=en&rclk=1","0x3a28dda65ee653a3:0x4d1fa2da7eface69",
"Second Home Hostel","1.5","32","Hostel","Pujari Complex, Raipur - Abhanpur Rd",,"","{""latitude"":""21.2225414"",""longitude"":""81.6482642""}","https://www.google.com/maps/place/Second+Home+Hostel/data=!4m7!3m6!1s0x3a28ddb30942b16f:0xfe9be51563057da6!8m2!3d21.2225414!4d81.6482642!16s%2Fg%2F11s350q43v!19sChIJb7FCCbPdKDoRpn0FYxXlm_4?authuser=0&hl=en&rclk=1","0x3a28ddb30942b16f:0xfe9be51563057da6",
"Vivek Saini Boys Hostel","1.0","2","Girl's Hostel","Vivek Saini Boys Hostel",,"","{""latitude"":""21.2232702"",""longitude"":""81.6526551""}","https://www.google.com/maps/place/Vivek+Saini+Boys+Hostel/data=!4m7!3m6!1s0x3a28ddab9d231641:0xee59a0b0754fdb19!8m2!3d21.2232702!4d81.6526551!16s%2Fg%2F11kgm4ljbp!19sChIJQRYjnavdKDoRGdtPdbCgWe4?authuser=0&hl=en&rclk=1","0x3a28ddab9d231641:0xee59a0b0754fdb19",
"Vivek Saini Boys Hostel","4.0","1","Girl's Hostel","6MC3+5C8",,"""Nice location, good environment in hostel""","{""latitude"":""21.2204187"",""longitude"":""81.6535794""}","https://www.google.com/maps/place/Vivek+Saini+Boys+Hostel/data=!4m7!3m6!1s0x3a28dd2ca9b08975:0x38c02547b4a0c8c2!8m2!3d21.2204187!4d81.6535794!16s%2Fg%2F11jr4k_kqk!19sChIJdYmwqSzdKDoRwsigtEclwDg?authuser=0&hl=en&rclk=1","0x3a28dd2ca9b08975:0x38c02547b4a0c8c2",
"PG Girls Hostel And Tiffin Center","3.7","6","Girl's Hostel","D/59","Open 24 hours","","{""latitude"":""21.2240073"",""longitude"":""81.6494213""}","https://www.google.com/maps/place/PG+Girls+Hostel+And+Tiffin+Center/data=!4m7!3m6!1s0x3a28dd6b36610af9:0xedc6228f3c19382b!8m2!3d21.2240073!4d81.6494213!16s%2Fg%2F11lt5x9sf3!19sChIJ-QphNmvdKDoRKzgZPI8ixu0?authuser=0&hl=en&rclk=1","0x3a28dd6b36610af9:0xedc6228f3c19382b",
"Sharma Boy's Hostel","3.2","24","Boy's Hostel","6JCW+9CH",,"","{""latitude"":""21.2209337"",""longitude"":""81.6460939""}","https://www.google.com/maps/place/Sharma+Boy%27s+Hostel/data=!4m7!3m6!1s0x3a28dd878632f4e7:0xbd5c7b5a3bee3fd!8m2!3d21.2209337!4d81.6460939!16s%2Fg%2F11g1vn9_6x!19sChIJ5_QyhofdKDoR_eO-o7XH1Qs?authuser=0&hl=en&rclk=1","0x3a28dd878632f4e7:0xbd5c7b5a3bee3fd",
"Aashiyana Girls Hostel","3.9","152","Hostel","50/167","098271 17458","""One of the best Hostel.""","{""latitude"":""21.2236924"",""longitude"":""81.6418974""}","https://www.google.com/maps/place/Aashiyana+Girls+Hostel/data=!4m7!3m6!1s0x3a28dd36dc6e46d1:0xe51e8bb0f969e5e!8m2!3d21.2236924!4d81.6418974!16s%2Fg%2F11g_zz7hqx!19sChIJ0UZu3DbdKDoRXp6WD7voUQ4?authuser=0&hl=en&rclk=1","0x3a28dd36dc6e46d1:0xe51e8bb0f969e5e",
"Hira Kunj Boys Hostel","3.2","36","Student housing center","6JGJ+5FC","090396 18924","""One of the best boys hostel""","{""latitude"":""21.2254402"",""longitude"":""81.6311413""}","https://www.google.com/maps/place/Hira+Kunj+Boys+Hostel/data=!4m7!3m6!1s0x3a28ddb3feca17f5:0xe4af104a924d925d!8m2!3d21.2254402!4d81.6311413!16s%2Fg%2F11f10dv2j6!19sChIJ9RfK_rPdKDoRXZJNkkoQr-Q?authuser=0&hl=en&rclk=1","0x3a28ddb3feca17f5:0xe4af104a924d925d","http://www.facebook.com/hirakunj"
"YAAZDANI BOYS HOSTEL","3.3","12","Boy's Hostel","6JPV+8H3",,"""Good hostel & better response this hostel""","{""latitude"":""21.2357511"",""longitude"":""81.6439106""}","https://www.google.com/maps/place/YAAZDANI+BOYS+HOSTEL/data=!4m7!3m6!1s0x3a28dda6f09b233f:0x3cf43f403f9e38fd!8m2!3d21.2357511!4d81.6439106!16s%2Fg%2F11gfdyw6tn!19sChIJPyOb8KbdKDoR_TieP0A_9Dw?authuser=0&hl=en&rclk=1","0x3a28dda6f09b233f:0x3cf43f403f9e38fd",
"Aariff Hostel","3.7","3","Boy's Hostel","6JQQ+9R8, Chhotapara Rd",,"","{""latitude"":""21.2384102"",""longitude"":""81.6395692""}","https://www.google.com/maps/place/Aariff+Hostel/data=!4m7!3m6!1s0x3a28dda38417bb11:0x5798759ecb06b629!8m2!3d21.2384102!4d81.6395692!16s%2Fg%2F11dxck7v3j!19sChIJEbsXhKPdKDoRKbYGy551mFc?authuser=0&hl=en&rclk=1","0x3a28dda38417bb11:0x5798759ecb06b629",
"JBM PG","3.8","11","Hostel","Hostel",,"","{""latitude"":""21.2193848"",""longitude"":""81.6562622""}","https://www.google.com/maps/place/JBM+PG/data=!4m7!3m6!1s0x3a28dd0be004a51b:0x82d86f5474d25248!8m2!3d21.2193848!4d81.6562622!16s%2Fg%2F11q22_f3vx!19sChIJG6UE4AvdKDoRSFLSdFRv2II?authuser=0&hl=en&rclk=1","0x3a28dd0be004a51b:0x82d86f5474d25248","https://jbm-pg.business.site/?utm_source=gmb&utm_medium=referral"
"Solo Living Girls PG","4.9","8","Hostel","C1, 87/7","Open â‹… Closes 11:30â€¯pm  097528 53877","""Best Hostel for Girls in Raipur""","{""latitude"":""21.2249235"",""longitude"":""81.6608033""}","https://www.google.com/maps/place/Solo+Living+Girls+PG/data=!4m7!3m6!1s0x3a28ddc813741fdd:0x83db6223deae1f6!8m2!3d21.2249235!4d81.6608033!16s%2Fg%2F11pyybsp8l!19sChIJ3R90E8jdKDoR9uHqPSK2PQg?authuser=0&hl=en&rclk=1","0x3a28ddc813741fdd:0x83db6223deae1f6","https://solo-living-girls-pg.business.site/?utm_source=gmb&utm_medium=referral"
"Hostel","2.2","26","Girl's Hostel","Hanuman Nagar Kali Badi Chowk HNo. 132",,"","{""latitude"":""21.2341204"",""longitude"":""81.6395586""}","https://www.google.com/maps/place/Hostel/data=!4m7!3m6!1s0x3a28dd93c7a3719f:0xa987fb9e4cdfa795!8m2!3d21.2341204!4d81.6395586!16s%2Fg%2F11gf97308l!19sChIJn3Gjx5PdKDoRlaffTJ77h6k?authuser=0&hl=en&rclk=1","0x3a28dd93c7a3719f:0xa987fb9e4cdfa795","https://ayesha-girls-hostel-girls-hostel.business.site/"
"R.K. Hills girls hostel","4.0","53","Girl's Hostel","Ring Road No. 1, Pachpedi Naka Rd","Open â‹… Closes 8â€¯pm  086029 00890","""Pretty good hostel, give good vibes indeed.""","{""latitude"":""21.2212252"",""longitude"":""81.6463559""}","https://www.google.com/maps/place/R.K.+Hills+girls+hostel/data=!4m7!3m6!1s0x3a28ddaab0e6e403:0xfedfd6c07c0c76b1!8m2!3d21.2212252!4d81.6463559!16s%2Fg%2F11c45npsl7!19sChIJA-TmsKrdKDoRsXYMfMDW3_4?authuser=0&hl=en&rclk=1","0x3a28ddaab0e6e403:0xfedfd6c07c0c76b1",
"A1 Girls & Working Women Hostel","4.5","39","Girl's Hostel","Fawara Chowk","Open â‹… Closes 9â€¯pm  070009 63843","""Hostel in a posh location of Raipur, Chhattisgarh.""","{""latitude"":""21.2349189"",""longitude"":""81.6453138""}","https://www.google.com/maps/place/A1+Girls+%26+Working+Women+Hostel/data=!4m7!3m6!1s0x3a28dd425e62d67b:0x451faf47ae1589d9!8m2!3d21.2349189!4d81.6453138!16s%2Fg%2F11hzpn52fg!19sChIJe9ZiXkLdKDoR2YkVrkevH0U?authuser=0&hl=en&rclk=1","0x3a28dd425e62d67b:0x451faf47ae1589d9","https://a1-girls-working-women-hostel.business.site/?utm_source=gmb&utm_medium=referral"
"Sun Hostel Pg Dormitory","3.9","18","Hostel","Bhawanipatna - Raipur Hwy","Open 24 hours  088176 08866","""very nice PG Hostel and facility so good .""","{""latitude"":""21.2397034"",""longitude"":""81.6658606""}","https://www.google.com/maps/place/Sun+Hostel+Pg+Dormitory/data=!4m7!3m6!1s0x3a28dd66a336b6b1:0xdae21c2b8b4bc75a!8m2!3d21.2397034!4d81.6658606!16s%2Fg%2F11gw2pqkyx!19sChIJsbY2o2bdKDoRWsdLiysc4to?authuser=0&hl=en&rclk=1","0x3a28dd66a336b6b1:0xdae21c2b8b4bc75a",
"Ujjawal Residency Girls Hostel","3.4","9","Girl's Hostel","6M92+G6R, Unnamed Road",,"","{""latitude"":""21.2188666"",""longitude"":""81.6505067""}","https://www.google.com/maps/place/Ujjawal+Residency+Girls+Hostel/data=!4m7!3m6!1s0x3a28dde391f91359:0xf25c1b759b14d9a7!8m2!3d21.2188666!4d81.6505067!16s%2Fg%2F11g0kfslvq!19sChIJWRP5kePdKDoRp9kUm3UbXPI?authuser=0&hl=en&rclk=1","0x3a28dde391f91359:0xf25c1b759b14d9a7",
"SHIVA GIRL,S HOSTEL","4.3","3","Girl's Hostel","6JCW+3VC, Pachpedi Naka Rd",,"","{""latitude"":""21.2201929"",""longitude"":""81.6471498""}","https://www.google.com/maps/place/SHIVA+GIRL,S+HOSTEL/data=!4m7!3m6!1s0x3a28dde99c4de9bd:0x10728a8a6ad51c75!8m2!3d21.2201929!4d81.6471498!16s%2Fg%2F11hytbd55z!19sChIJvelNnOndKDoRdRzVaoqKchA?authuser=0&hl=en&rclk=1","0x3a28dde99c4de9bd:0x10728a8a6ad51c75",
"Sun Hostel Pg Dormitory Girls","4.7","3","Hostel","Street No 7 Telibhandha Gaurav path Raipur Chhattisgarh Street No 7, Gaurav Path","Open 24 hours","","{""latitude"":""21.2358468"",""longitude"":""81.6635395""}","https://www.google.com/maps/place/Sun+Hostel+Pg+Dormitory+Girls/data=!4m7!3m6!1s0x3a28dd4fc6dc050d:0xb904fbc83318191f!8m2!3d21.2358468!4d81.6635395!16s%2Fg%2F11t9qz64x4!19sChIJDQXcxk_dKDoRHxkYM8j7BLk?authuser=0&hl=en&rclk=1","0x3a28dd4fc6dc050d:0xb904fbc83318191f",
"Rashmi Hostel girls n boys","4.0","2","Hostel","6MM3+JVP, Street Number 4","Open 24 hours","","{""latitude"":""21.234087"",""longitude"":""81.654691""}","https://www.google.com/maps/place/Rashmi+Hostel+girls+n+boys/data=!4m7!3m6!1s0x3a28ddfe8e70ea67:0xeed2f5ee8ab3d28b!8m2!3d21.234087!4d81.654691!16s%2Fg%2F11h4c9b9sx!19sChIJZ-pwjv7dKDoRi9Kziu710u4?authuser=0&hl=en&rclk=1","0x3a28ddfe8e70ea67:0xeed2f5ee8ab3d28b",
"Khushi Girls Hostel",,,"Hostel","Rd 82, Kalibadi Chowk","096699 00017","","{""latitude"":""21.2326004"",""longitude"":""81.6398894""}","https://www.google.com/maps/place/Khushi+Girls+Hostel/data=!4m7!3m6!1s0x3a28dd4cb24e6bf9:0x15672247818792f0!8m2!3d21.2326004!4d81.6398894!16s%2Fg%2F11sfrt9zgb!19sChIJ-WtOskzdKDoR8JKHgUciZxU?authuser=0&hl=en&rclk=1","0x3a28dd4cb24e6bf9:0x15672247818792f0",
"Mishra Girls Hostel Raipur Chhattishgarh","4.8","6","Girl's Hostel","2, 17, near Chhattisgarh college",,"","{""latitude"":""21.2373635"",""longitude"":""81.6535747""}","https://www.google.com/maps/place/Mishra+Girls+Hostel+Raipur+Chhattishgarh/data=!4m7!3m6!1s0x3a28dd7d9a6021af:0xe11d7edd673c8bd0!8m2!3d21.2373635!4d81.6535747!16s%2Fg%2F11lkn_10xk!19sChIJryFgmn3dKDoR0Is8Z91-HeE?authuser=0&hl=en&rclk=1","0x3a28dd7d9a6021af:0xe11d7edd673c8bd0",
"I.L.Dewangan Girls Hostel","2.7","7","Girl's Hostel","behind Excel tower","Open â‹… Closes 9â€¯pm  098271 70920","","{""latitude"":""21.2206674"",""longitude"":""81.6463682""}","https://www.google.com/maps/place/I.L.Dewangan+Girls+Hostel/data=!4m7!3m6!1s0x3a28dd775a7aa1db:0x7b915c67b9a123bb!8m2!3d21.2206674!4d81.6463682!16s%2Fg%2F11g1gt8xrn!19sChIJ26F6WnfdKDoRuyOhuWdckXs?authuser=0&hl=en&rclk=1","0x3a28dd775a7aa1db:0x7b915c67b9a123bb","https://ildewangangirlshostel.business.site/?utm_source=gmb&utm_medium=referral"
"JAIN PG FOR GIRLS","5.0","3","Youth Hostel","Surya Vihar",,"","{""latitude"":""21.221618"",""longitude"":""81.6479859""}","https://www.google.com/maps/place/JAIN+PG+FOR+GIRLS/data=!4m7!3m6!1s0x3a28dd509c7f8c95:0xb5f690a3de614ca6!8m2!3d21.221618!4d81.6479859!16s%2Fg%2F11ssrbzqnp!19sChIJlYx_nFDdKDoRpkxh3qOQ9rU?authuser=0&hl=en&rclk=1","0x3a28dd509c7f8c95:0xb5f690a3de614ca6",
"Premium Girls Hostel","3.6","15","Girl's Hostel","N 2 Main Road, Indian Bank Building","Open â‹… Closes 7â€¯pm","","{""latitude"":""21.24107"",""longitude"":""81.6696636""}","https://www.google.com/maps/place/Premium+Girls+Hostel/data=!4m7!3m6!1s0x3a28ddf0069a5017:0xe8c995986c0e25d1!8m2!3d21.24107!4d81.6696636!16s%2Fg%2F11gjws2dds!19sChIJF1CaBvDdKDoR0SUObJiVyeg?authuser=0&hl=en&rclk=1","0x3a28ddf0069a5017:0xe8c995986c0e25d1","https://premium-girls-hostel.business.site/"
"Ani girls pg and hostel","5.0","2","Girl's Hostel","05, Aadinath Vatika, behind Medicine Hospital","093990 86964","","{""latitude"":""21.2208693"",""longitude"":""81.6661437""}","https://www.google.com/maps/place/Ani+girls+pg+and+hostel/data=!4m7!3m6!1s0x3a28dd5d722a761b:0xba635e38bcac2946!8m2!3d21.2208693!4d81.6661437!16s%2Fg%2F11s7yrqc18!19sChIJG3Yqcl3dKDoRRimsvDheY7o?authuser=0&hl=en&rclk=1","0x3a28dd5d722a761b:0xba635e38bcac2946",
"PRINCE PG/HOSTEL FOR GIRLS",,,"Girl's Hostel","Girl's Hostel","Closed â‹… Opens 6â€¯am Sat","","{""latitude"":""21.2153564"",""longitude"":""81.646509""}","https://www.google.com/maps/place/PRINCE+PG%2FHOSTEL+FOR+GIRLS/data=!4m7!3m6!1s0x3a28dd301f3de20d:0xf6704a8e39a96204!8m2!3d21.2153564!4d81.646509!16s%2Fg%2F11sdxncq5b!19sChIJDeI9HzDdKDoRBGKpOY5KcPY?authuser=0&hl=en&rclk=1","0x3a28dd301f3de20d:0xf6704a8e39a96204",
"Isha Girls Hostel","3.9","59","Girl's Hostel","C/O ISHA Cooking Classes, Behind Mahila Police Station, Near Ashirwad Bhawan","Open â‹… Closes 8â€¯pm  094062 36309","""Students learn many things in a hostel.""","{""latitude"":""21.2363559"",""longitude"":""81.6417209""}","https://www.google.com/maps/place/Isha+Girls+Hostel/data=!4m7!3m6!1s0x3a28dda420fcc407:0x7bc1b7a75bc82fce!8m2!3d21.2363559!4d81.6417209!16s%2Fg%2F11ckpy98wp!19sChIJB8T8IKTdKDoRzi_IW6e3wXs?authuser=0&hl=en&rclk=1","0x3a28dda420fcc407:0x7bc1b7a75bc82fce",
"Parul Girls Hostel",,,"Hostel","Hostel","Open 24 hours  093294 30644","","{""latitude"":""21.217042"",""longitude"":""81.6471448""}","https://www.google.com/maps/place/Parul+Girls+Hostel/data=!4m7!3m6!1s0x3a28dc5587a48687:0x7656f71435b88f3e!8m2!3d21.217042!4d81.6471448!16s%2Fg%2F11sbr0s56j!19sChIJh4akh1XcKDoRPo-4NRT3VnY?authuser=0&hl=en&rclk=1","0x3a28dc5587a48687:0x7656f71435b88f3e",
"Hardiha Chhatrawash Patel Hostel","4.1","49","Hostel","6JHM+6QR, Bhagat Singh Chowk, Kailashpuri Rd",,"""Good place for hostelers""","{""latitude"":""21.2281188"",""longitude"":""81.634379""}","https://www.google.com/maps/place/Hardiha+Chhatrawash+Patel+Hostel/data=!4m7!3m6!1s0x3a28ddb1baa9b351:0x1f03215850936709!8m2!3d21.2281188!4d81.634379!16s%2Fg%2F11c605q8m2!19sChIJUbOpurHdKDoRCWeTUFghAx8?authuser=0&hl=en&rclk=1","0x3a28ddb1baa9b351:0x1f03215850936709",
"Chandani Girls Hostel","4.5","6","Girl's Hostel","6JFR+RJM",,"""Good choice
Nice looking girl hostel""","{""latitude"":""21.2245822"",""longitude"":""81.6415507""}","https://www.google.com/maps/place/Chandani+Girls+Hostel/data=!4m7!3m6!1s0x3a28ddab25555555:0xb501d60a5d96cc42!8m2!3d21.2245822!4d81.6415507!16s%2Fg%2F11f0_fsh36!19sChIJVVVVJavdKDoRQsyWXQrWAbU?authuser=0&hl=en&rclk=1","0x3a28ddab25555555:0xb501d60a5d96cc42",
"Asara Girls Hostel","3.5","6","Hostel","38, hanuman nagar","Open â‹… Closes 9â€¯pm","","{""latitude"":""21.2344141"",""longitude"":""81.6404824""}","https://www.google.com/maps/place/Asara+Girls+Hostel/data=!4m7!3m6!1s0x3a28dde2da2ef9c1:0x2697fb8043da68a!8m2!3d21.2344141!4d81.6404824!16s%2Fg%2F11g4cycjqz!19sChIJwfku2uLdKDoRiqY9BLh_aQI?authuser=0&hl=en&rclk=1","0x3a28dde2da2ef9c1:0x2697fb8043da68a",
"Patel Girls Hostel",,,"Hostel","6JFJ+C4Q","099812 01199","","{""latitude"":""21.2235883"",""longitude"":""81.6303467""}","https://www.google.com/maps/place/Patel+Girls+Hostel/data=!4m7!3m6!1s0x3a28ddb4707c1235:0x98f1b1e6aa5846ce!8m2!3d21.2235883!4d81.6303467!16s%2Fg%2F11sbr0g0y9!19sChIJNRJ8cLTdKDoRzkZYquax8Zg?authuser=0&hl=en&rclk=1","0x3a28ddb4707c1235:0x98f1b1e6aa5846ce",
"Samriddhi Girls PG/HOSTEL","4.2","28","Girl's Hostel","6M82+HJV","098065 92935","","{""latitude"":""21.216497"",""longitude"":""81.6515485""}","https://www.google.com/maps/place/Samriddhi+Girls+PG%2FHOSTEL/data=!4m7!3m6!1s0x3a28dcf8f0000001:0xb7ce5a891e6926af!8m2!3d21.216497!4d81.6515485!16s%2Fg%2F11g8g103pb!19sChIJAQAA8PjcKDoRryZpHolazrc?authuser=0&hl=en&rclk=1","0x3a28dcf8f0000001:0xb7ce5a891e6926af",
"Matri chaya PG / Hostel","1.0","1","Boy's Hostel","Tarun ji, Matri Chaya Building, Jalvihar Colony Rd, behind Horizon Hospital",,"","{""latitude"":""21.2371398"",""longitude"":""81.6555545""}","https://www.google.com/maps/place/Matri+chaya+PG+%2F+Hostel/data=!4m7!3m6!1s0x3a28dd147d185b15:0xc5fb2f8f3bbe9dde!8m2!3d21.2371398!4d81.6555545!16s%2Fg%2F11rvhnzcd6!19sChIJFVsYfRTdKDoR3p2-O48v-8U?authuser=0&hl=en&rclk=1","0x3a28dd147d185b15:0xc5fb2f8f3bbe9dde",
"Darshan Boys Hostel (PG For Boys)","4.7","29","Boy's Hostel","opposite C-3/A","Open 24 hours  075872 90053","""Please be aware of buying things if you're new to this area.""","{""latitude"":""21.2416583"",""longitude"":""81.6670316""}","https://www.google.com/maps/place/Darshan+Boys+Hostel+%28PG+For+Boys%29/data=!4m7!3m6!1s0x3a28dd7c88c32723:0x6fcbdc6127b057ee!8m2!3d21.2416583!4d81.6670316!16s%2Fg%2F11tcc7kx28!19sChIJIyfDiHzdKDoR7lewJ2Hcy28?authuser=0&hl=en&rclk=1","0x3a28dd7c88c32723:0x6fcbdc6127b057ee",
"MAHAK GIRLS HOSTEL","3.8","13","Girl's Hostel","Kalibadi Chwok, Hanuman Colony , Near rising sun school, House No.12/13","Open 24 hours  099819 97255","","{""latitude"":""21.2339909"",""longitude"":""81.6404454""}","https://www.google.com/maps/place/MAHAK+GIRLS+HOSTEL/data=!4m7!3m6!1s0x3a28dd7f16ca2199:0x15d882de268b4df9!8m2!3d21.2339909!4d81.6404454!16s%2Fg%2F11gnrx_pk2!19sChIJmSHKFn_dKDoR-U2LJt6C2BU?authuser=0&hl=en&rclk=1","0x3a28dd7f16ca2199:0x15d882de268b4df9",
"Aashray Hostel","3.7","33","Boy's Hostel","behind pujari school",,"""and the hostel is located in center of the city.""","{""latitude"":""21.2478724"",""longitude"":""81.6495297""}","https://www.google.com/maps/place/Aashray+Hostel/data=!4m7!3m6!1s0x3a28dd75a948f885:0xf2c6462d9bd49c7d!8m2!3d21.2478724!4d81.6495297!16s%2Fg%2F11hcf0h9vh!19sChIJhfhIqXXdKDoRfZzUmy1GxvI?authuser=0&hl=en&rclk=1","0x3a28dd75a948f885:0xf2c6462d9bd49c7d",
"MSB RAIPUR HOSTEL ( VAJIHI HOSTEL )",,,"Lodging","6JPM+QPW",,"","{""latitude"":""21.2369771"",""longitude"":""81.6343323""}","https://www.google.com/maps/place/MSB+RAIPUR+HOSTEL+%28+VAJIHI+HOSTEL+%29/data=!4m7!3m6!1s0x3a28dd64388f8723:0xba81be9b7e987b9c!8m2!3d21.2369771!4d81.6343323!16s%2Fg%2F11j7hktqx8!19sChIJI4ePOGTdKDoRnHuYfpu-gbo?authuser=0&hl=en&rclk=1","0x3a28dd64388f8723:0xba81be9b7e987b9c",
"Shivay Excutive P.G. And Girls Hostel","4.0","12","Girl's Hostel","6J8W+F6M","Open 24 hours  083192 01766","","{""latitude"":""21.2162042"",""longitude"":""81.6455536""}","https://www.google.com/maps/place/Shivay+Excutive+P.G.+And+Girls+Hostel/data=!4m7!3m6!1s0x3a28dd6e74dbf037:0xb56d62cf1bb040ab!8m2!3d21.2162042!4d81.6455536!16s%2Fg%2F11g0zww_s5!19sChIJN_DbdG7dKDoRq0CwG89ibbU?authuser=0&hl=en&rclk=1","0x3a28dd6e74dbf037:0xb56d62cf1bb040ab",
"Queen Girls Hostel Raipur","4.8","91","Girl's Hostel","Kalibadi Chwok, Hanuman Colony , Near rising sun school, House No.12/13","Open 24 hours  073895 16249","""Best hostel in all over Raipur""","{""latitude"":""21.232573"",""longitude"":""81.639775""}","https://www.google.com/maps/place/Queen+Girls+Hostel+Raipur/data=!4m7!3m6!1s0x3a28dda5858fbe83:0x2d9578f197b75bd4!8m2!3d21.232573!4d81.639775!16s%2Fg%2F11dzw6mr5f!19sChIJg76PhaXdKDoR1Fu3l_F4lS0?authuser=0&hl=en&rclk=1","0x3a28dda5858fbe83:0x2d9578f197b75bd4",
"New A.T Girls Hostel","3.5","11","Girl's Hostel","6JQJ+CV2, Main Rd, Opp. Arvindo Netralaya (Dr. Saxena)","Open 24 hours  088785 68055","","{""latitude"":""21.2385032"",""longitude"":""81.6321297""}","https://www.google.com/maps/place/New+A.T+Girls+Hostel/data=!4m7!3m6!1s0x3a28ddbc12f9fe4d:0xf6ebf56d89b91b48!8m2!3d21.2385032!4d81.6321297!16s%2Fg%2F11c311jksm!19sChIJTf75ErzdKDoRSBu5iW316_Y?authuser=0&hl=en&rclk=1","0x3a28ddbc12f9fe4d:0xf6ebf56d89b91b48",
"Maharaja blowz hostel","5.0","3","Hotel","6JMH+VFW, Purani basti thana",,"","{""latitude"":""21.2347403"",""longitude"":""81.6287158""}","https://www.google.com/maps/place/Maharaja+blowz+hostel/data=!4m7!3m6!1s0x3a28ddecb3674145:0x10ab8745324f834f!8m2!3d21.2347403!4d81.6287158!16s%2Fg%2F11hds2shbb!19sChIJRUFns-zdKDoRT4NPMkWHqxA?authuser=0&hl=en&rclk=1","0x3a28ddecb3674145:0x10ab8745324f834f",
"Kishoriâ€™s Homfort boys hostel/paying guest/dormitory","5.0","6","Boy's Hostel","math mandir, Bajrang chowk Mathpara near bhatagaon bus terminal Inter state bus terminal, Nirogdham Pali hospital, Dudhadhari Rd","Open 24 hours  089822 49923","","{""latitude"":""21.2259495"",""longitude"":""81.6321021""}","https://www.google.com/maps/place/Kishori%E2%80%99s+Homfort+boys+hostel%2Fpaying+guest%2Fdormitory/data=!4m7!3m6!1s0x3a28dd8cd3630e87:0x7a03510b1dde5fe!8m2!3d21.2259495!4d81.6321021!16s%2Fg%2F11t57nkr2j!19sChIJhw5j04zdKDoR_uXdsRA1oAc?authuser=0&hl=en&rclk=1","0x3a28dd8cd3630e87:0x7a03510b1dde5fe",
"SHYAM SNEH GIRLS HOSTEL PG","4.5","26","Girl's Hostel","Kailashpuri Rd",,"","{""latitude"":""21.2287182"",""longitude"":""81.6318571""}","https://www.google.com/maps/place/SHYAM+SNEH+GIRLS+HOSTEL+PG/data=!4m7!3m6!1s0x3a28ddb0e5f1f0f7:0x454326e9326eb000!8m2!3d21.2287182!4d81.6318571!16s%2Fg%2F11g03nj_ll!19sChIJ9_Dx5bDdKDoRALBuMukmQ0U?authuser=0&hl=en&rclk=1","0x3a28ddb0e5f1f0f7:0x454326e9326eb000",
"Govt, Model Post Metric ST Boys Hostel Pension Bada Raipur","5.0","1","Student housing center","Student housing center",,"","{""latitude"":""21.2302602"",""longitude"":""81.6487625""}","https://www.google.com/maps/place/Govt,+Model+Post+Metric+ST+Boys+Hostel+Pension+Bada+Raipur/data=!4m7!3m6!1s0x3a28dd8c21df2a57:0xa76b4a286fa533ed!8m2!3d21.2302602!4d81.6487625!16s%2Fg%2F11t4_bslpd!19sChIJVyrfIYzdKDoR7TOlbyhKa6c?authuser=0&hl=en&rclk=1","0x3a28dd8c21df2a57:0xa76b4a286fa533ed",
"Aashiyaana Girl's Hostel","3.7","3","Girl's Hostel","H.No.23/21,plot no14,hanuman nagar Socitey,near rising sun school","Open â‹… Closes 9â€¯pm  099775 56816","","{""latitude"":""21.2324607"",""longitude"":""81.6398754""}","https://www.google.com/maps/place/Aashiyaana+Girl%27s+Hostel/data=!4m7!3m6!1s0x3a28dda58f4ea623:0x9dc42446fcbf7e50!8m2!3d21.2324607!4d81.6398754!16s%2Fg%2F11hd4ydy57!19sChIJI6ZOj6XdKDoRUH6__EYkxJ0?authuser=0&hl=en&rclk=1","0x3a28dda58f4ea623:0x9dc42446fcbf7e50",
"R.D.A. Dormitory","5.0","26","Backpacker Hostel","Backpacker Hostel",,"Free Wi-Fi Air-conditioned Wi-Fi","{""latitude"":""21.2433748"",""longitude"":""81.6340793""}","https://www.google.com/maps/place/R.D.A.+Dormitory/data=!4m10!3m9!1s0x3a28dd2f5da3bfc3:0xe370c1e5b4941224!5m2!4m1!1i2!8m2!3d21.2433748!4d81.6340793!16s%2Fg%2F11twr6p84n!19sChIJw7-jXS_dKDoRJBKUtOXBcOM?authuser=0&hl=en&rclk=1","0x3a28dd2f5da3bfc3:0xe370c1e5b4941224","http://www.raipurdormitory.com/"
"Muskan PG for Boys","3.8","31","Hostel","G-4, Sector - 1","099938 52987","","{""latitude"":""21.2424296"",""longitude"":""81.6678635""}","https://www.google.com/maps/place/Muskan+PG+for+Boys/data=!4m7!3m6!1s0x3a28dd35c2f5dccf:0xf1b1f336f75c5c15!8m2!3d21.2424296!4d81.6678635!16s%2Fg%2F11fljjx37l!19sChIJz9z1wjXdKDoRFVxc9zbzsfE?authuser=0&hl=en&rclk=1","0x3a28dd35c2f5dccf:0xf1b1f336f75c5c15",
"Yadav Hostel","3.5","2","Hostel","15/876",,"""very good hostel....it's best""","{""latitude"":""21.24371"",""longitude"":""81.6327926""}","https://www.google.com/maps/place/Yadav+Hostel/data=!4m7!3m6!1s0x3a28dd3a1dddf1f7:0x54ec73539b9fceea!8m2!3d21.24371!4d81.6327926!16s%2Fg%2F11hzymh5zr!19sChIJ9_HdHTrdKDoR6s6fm1Nz7FQ?authuser=0&hl=en&rclk=1","0x3a28dd3a1dddf1f7:0x54ec73539b9fceea",
"Chaturvedi PG girls hostel","5.0","4","Backpacker Hostel","Housing board colony, LIG 75, near Chinese beauty parlour or shadija compund",,"""Girls Hostel in Raipur city""","{""latitude"":""21.2468043"",""longitude"":""81.6696762""}","https://www.google.com/maps/place/Chaturvedi+PG+girls+hostel/data=!4m7!3m6!1s0x3a28dd52633a9beb:0x70a49caa8a2b638a!8m2!3d21.2468043!4d81.6696762!16s%2Fg%2F11t7l6gd4j!19sChIJ65s6Y1LdKDoRimMriqqcpHA?authuser=0&hl=en&rclk=1","0x3a28dd52633a9beb:0x70a49caa8a2b638a",
"Pine-Shine hostel PG",,,"Backpacker Hostel","Hazrat fatehsa market, Sidhart Chowek, near Police line",,"","{""latitude"":""21.2455"",""longitude"":""81.6421""}","https://www.google.com/maps/place/Pine-Shine+hostel+PG/data=!4m7!3m6!1s0x3a28dd355f11f511:0xda425c4c2ed7d125!8m2!3d21.2455!4d81.6421!16s%2Fg%2F11kpdgtrmd!19sChIJEfURXzXdKDoRJdHXLkxcQto?authuser=0&hl=en&rclk=1","0x3a28dd355f11f511:0xda425c4c2ed7d125",
"Kasturi Boys PG","5.0","2","Backpacker Hostel","6JGG+79J",,"","{""latitude"":""21.2257021"",""longitude"":""81.6258918""}","https://www.google.com/maps/place/Kasturi+Boys+PG/data=!4m7!3m6!1s0x3a28dd8d06cc9867:0x2dfaa057e85f11c3!8m2!3d21.2257021!4d81.6258918!16s%2Fg%2F11kb4dm1vx!19sChIJZ5jMBo3dKDoRwxFf6Feg-i0?authuser=0&hl=en&rclk=1","0x3a28dd8d06cc9867:0x2dfaa057e85f11c3",
"38 Wings","3.7","26","Girl's Hostel","St. Xavier's Road, in front of Akanksha School","Open â‹… Closes 7â€¯pm","""No other hostels provide these many facilities in one go.""","{""latitude"":""21.2425319"",""longitude"":""81.6755862""}","https://www.google.com/maps/place/38+Wings/data=!4m7!3m6!1s0x3a28ddde61976499:0x9e253db21d02a01b!8m2!3d21.2425319!4d81.6755862!16s%2Fg%2F11j1k4jrj0!19sChIJmWSXYd7dKDoRG6ACHbI9JZ4?authuser=0&hl=en&rclk=1","0x3a28ddde61976499:0x9e253db21d02a01b",
"Jeet Boy's hostel","4.2","5","Hostel","LIG-58","Open â‹… Closes 5â€¯pm","","{""latitude"":""21.2462481"",""longitude"":""81.6696759""}","https://www.google.com/maps/place/Jeet+Boy%27s+hostel/data=!4m7!3m6!1s0x3a28dd0eafd44a4d:0xf25c5647bf9faa2!8m2!3d21.2462481!4d81.6696759!16s%2Fg%2F11p10h7z_8!19sChIJTUrUrw7dKDoRovr5e2TFJQ8?authuser=0&hl=en&rclk=1","0x3a28dd0eafd44a4d:0xf25c5647bf9faa2",
"Chhatrawas","2.3","3","Hostel","6JWJ+7M5, Fool Chuak, Main Rd","097530 75299","","{""latitude"":""21.245632"",""longitude"":""81.631722""}","https://www.google.com/maps/place/Chhatrawas/data=!4m7!3m6!1s0x3a28dd966f981c47:0x9cbbb874dbb538cd!8m2!3d21.245632!4d81.631722!16s%2Fg%2F11byl0_4mv!19sChIJRxyYb5bdKDoRzTi123S4u5w?authuser=0&hl=en&rclk=1","0x3a28dd966f981c47:0x9cbbb874dbb538cd",
"Eva Girls Hostel","4.6","5","Hostel","Boriya Rd","Closed â‹… Opens 7â€¯pm  079876 39245","""This hostel is a really good place for girls .""","{""latitude"":""21.2072541"",""longitude"":""81.6437205""}","https://www.google.com/maps/place/Eva+Girls+Hostel/data=!4m7!3m6!1s0x3a28dd1fd583bd43:0x5a23859fda00b8c9!8m2!3d21.2072541!4d81.6437205!16s%2Fg%2F11sq3d4tvs!19sChIJQ72D1R_dKDoRybgA2p-FI1o?authuser=0&hl=en&rclk=1","0x3a28dd1fd583bd43:0x5a23859fda00b8c9",
"Chanchal chhaya girls hostel","2.4","5","Hostel","House No.281, Geetanjali Nagar",,"","{""latitude"":""21.2464667"",""longitude"":""81.6675427""}","https://www.google.com/maps/place/Chanchal+chhaya+girls+hostel/data=!4m7!3m6!1s0x3a28df1545dab677:0x2c4eaab4d9563ab2!8m2!3d21.2464667!4d81.6675427!16s%2Fg%2F11rj_jnvz_!19sChIJd7baRRXfKDoRsjpW2bSqTiw?authuser=0&hl=en&rclk=1","0x3a28df1545dab677:0x2c4eaab4d9563ab2",
"Jain Girls Hostel",,,"Girl's Hostel","27/83",,"","{""latitude"":""21.249941"",""longitude"":""81.666488""}","https://www.google.com/maps/place/Jain+Girls+Hostel/data=!4m7!3m6!1s0x3a28dd7239f03947:0x4f9b88723a9f9d46!8m2!3d21.249941!4d81.666488!16s%2Fg%2F11h42pyyh6!19sChIJRznwOXLdKDoRRp2fOnKIm08?authuser=0&hl=en&rclk=1","0x3a28dd7239f03947:0x4f9b88723a9f9d46",
"Abha Queens Girls Hostel","5.0","1","Backpacker Hostel","SWATI IndustryC-17, near Swati Square",,"","{""latitude"":""21.258476"",""longitude"":""81.63905""}","https://www.google.com/maps/place/Abha+Queens+Girls+Hostel/data=!4m7!3m6!1s0x3a28dda982a76c3b:0x1c17fd8b8cb98d24!8m2!3d21.258476!4d81.63905!16s%2Fg%2F11sk397vy9!19sChIJO2yngqndKDoRJI25jIv9Fxw?authuser=0&hl=en&rclk=1","0x3a28dda982a76c3b:0x1c17fd8b8cb98d24",
"MSs Boys Hostel","2.8","47","Student housing center","6JXJ+5FG",,"","{""latitude"":""21.2479432"",""longitude"":""81.6311998""}","https://www.google.com/maps/place/MSs+Boys+Hostel/data=!4m7!3m6!1s0x3a28dd96a1e4ee0d:0xb3e35a8a81262936!8m2!3d21.2479432!4d81.6311998!16s%2Fg%2F11c3ty6jx5!19sChIJDe7koZbdKDoRNikmgYpa47M?authuser=0&hl=en&rclk=1","0x3a28dd96a1e4ee0d:0xb3e35a8a81262936",
"Agrawal Boys Hostle And P. G","3.6","20","Boy's Hostel","6J4W+99W, Unnamed Road","Open 24 hours","","{""latitude"":""21.2059908"",""longitude"":""81.6459404""}","https://www.google.com/maps/place/Agrawal+Boys+Hostle+And+P.+G/data=!4m7!3m6!1s0x3a28dd889f9907fb:0x84e0896131117fdb!8m2!3d21.2059908!4d81.6459404!16s%2Fg%2F11f7bqft1p!19sChIJ-weZn4jdKDoR238RMWGJ4IQ?authuser=0&hl=en&rclk=1","0x3a28dd889f9907fb:0x84e0896131117fdb",
"Arni Girls Hostel",,,"Hostel","6JQH+72Q","098279 77097","","{""latitude"":""21.2382229"",""longitude"":""81.6276217""}","https://www.google.com/maps/place/Arni+Girls+Hostel/data=!4m7!3m6!1s0x3a28ddbf257ac987:0x32f7a6232a13480e!8m2!3d21.2382229!4d81.6276217!16s%2Fg%2F11s7zrqpgc!19sChIJh8l6Jb_dKDoRDkgTKiOm9zI?authuser=0&hl=en&rclk=1","0x3a28ddbf257ac987:0x32f7a6232a13480e",
"Dadabadi Hostel","4.1","158","Hostel","MG Rd","077122 26085","""Good place for girls hostel.""","{""latitude"":""21.2466083"",""longitude"":""81.6340523""}","https://www.google.com/maps/place/Dadabadi+Hostel/data=!4m7!3m6!1s0x3a28dd96cf0b8b07:0xc377f5c1e2ad4fb6!8m2!3d21.2466083!4d81.6340523!16s%2Fg%2F11bw5vxxms!19sChIJB4sLz5bdKDoRtk-t4sH1d8M?authuser=0&hl=en&rclk=1","0x3a28dd96cf0b8b07:0xc377f5c1e2ad4fb6","http://www.dadabadihostel.webs.com/"
"Nirupam girls hostel","4.5","6","Girl's Hostel","Girl's Hostel","Open â‹… Closes 7â€¯pm","""Good hostel place for girls""","{""latitude"":""21.2334921"",""longitude"":""81.627222""}","https://www.google.com/maps/place/Nirupam+girls+hostel/data=!4m7!3m6!1s0x3a28dd95e7e27c0f:0xe59aec526c44ded1!8m2!3d21.2334921!4d81.627222!16s%2Fg%2F11jnd256wq!19sChIJD3zi55XdKDoR0d5EbFLsmuU?authuser=0&hl=en&rclk=1","0x3a28dd95e7e27c0f:0xe59aec526c44ded1",
"Apna Ghar (Boys Hostel)","3.3","12","Boy's Hostel","6JRC+6RX","098261 19137","""Best boys hostel in main road with all facility""","{""latitude"":""21.2406007"",""longitude"":""81.6221247""}","https://www.google.com/maps/place/Apna+Ghar+%28Boys+Hostel%29/data=!4m7!3m6!1s0x3a28dd3ff06114d9:0x4bab94145e26704f!8m2!3d21.2406007!4d81.6221247!16s%2Fg%2F11g0hb1v35!19sChIJ2RRh8D_dKDoRT3AmXhSUq0s?authuser=0&hl=en&rclk=1","0x3a28dd3ff06114d9:0x4bab94145e26704f",
"Shree Sai Girls Hostel","2.9","41","Girl's Hostel","House No.29/210, Vamre Sadan Indravati Colony, Opposite Sarswasti Shishu Mandir School","096852 61116","""Hostel for girls good price with food and other""","{""latitude"":""21.2449986"",""longitude"":""81.6499241""}","https://www.google.com/maps/place/Shree+Sai+Girls+Hostel/data=!4m7!3m6!1s0x3a28dd7528fa15bf:0x6d3e422c213c1171!8m2!3d21.2449986!4d81.6499241!16s%2Fg%2F11bccd9qt_!19sChIJvxX6KHXdKDoRcRE8ISxCPm0?authuser=0&hl=en&rclk=1","0x3a28dd7528fa15bf:0x6d3e422c213c1171",
"Govt.OBC Boys Hostel","4.2","16","Student housing center","6J3V+33G, KB-9",,"","{""latitude"":""21.2026758"",""longitude"":""81.6427026""}","https://www.google.com/maps/place/Govt.OBC+Boys+Hostel/data=!4m7!3m6!1s0x3a28ddfba18838f3:0x301a6967b3cf5d81!8m2!3d21.2026758!4d81.6427026!16s%2Fg%2F11g__5h20k!19sChIJ8ziIofvdKDoRgV3Ps2dpGjA?authuser=0&hl=en&rclk=1","0x3a28ddfba18838f3:0x301a6967b3cf5d81",
"Sai Chhaya Girls PG Hostel","3.9","91","Hostel","6MX5+3H7, Street Number 3","081036 16356","""I lived here for a year
It is a nice hostel""","{""latitude"":""21.2476607"",""longitude"":""81.658913""}","https://www.google.com/maps/place/Sai+Chhaya+Girls+PG+Hostel/data=!4m7!3m6!1s0x3a28dd7275ec1a97:0x181d40c8f3a6fe98!8m2!3d21.2476607!4d81.658913!16s%2Fg%2F11ddzcj84c!19sChIJlxrsdXLdKDoRmP6m88hAHRg?authuser=0&hl=en&rclk=1","0x3a28dd7275ec1a97:0x181d40c8f3a6fe98",
"Guru Sai Tiffin Services & Pg & Boys Hostel","3.0","1","Boy's Hostel","No.108, Anand Nagar - Pandri Link Rd",,"","{""latitude"":""21.2427382"",""longitude"":""81.6589832""}","https://www.google.com/maps/place/Guru+Sai+Tiffin+Services+%26+Pg+%26+Boys+Hostel/data=!4m7!3m6!1s0x3a28dd129a9f70f5:0xd02409e30693dc40!8m2!3d21.2427382!4d81.6589832!16s%2Fg%2F11fnw17215!19sChIJ9XCfmhLdKDoRQNyTBuMJJNA?authuser=0&hl=en&rclk=1","0x3a28dd129a9f70f5:0xd02409e30693dc40",
"Ananya Girls Hostel Raipur","4.8","49","Hostel","Hostel","Open â‹… Closes 9:30â€¯pm","""Looking for a Hostel,
Try Ananya Girls Hostel!!ðŸ’—âœ¨""","{""latitude"":""21.2519264"",""longitude"":""81.6603892""}","https://www.google.com/maps/place/Ananya+Girls+Hostel+Raipur/data=!4m7!3m6!1s0x3a28dd764ab80207:0xfa6bbc215215b650!8m2!3d21.2519264!4d81.6603892!16s%2Fg%2F11qg15crb_!19sChIJBwK4SnbdKDoRULYVUiG8a_o?authuser=0&hl=en&rclk=1","0x3a28dd764ab80207:0xfa6bbc215215b650",
"Polaris girls hostel","3.0","1","Hostel","6JWX+WWH, Bus Stand Rd, near pandri",,"","{""latitude"":""21.2473125"",""longitude"":""81.6498594""}","https://www.google.com/maps/place/Polaris+girls+hostel/data=!4m7!3m6!1s0x3a28dd7ff1ae0d81:0x96c054d50cdfe78d!8m2!3d21.2473125!4d81.6498594!16s%2Fg%2F11t3g9h069!19sChIJgQ2u8X_dKDoRjeffDNVUwJY?authuser=0&hl=en&rclk=1","0x3a28dd7ff1ae0d81:0x96c054d50cdfe78d",
"Nilay Mahila And Kanya Aawashiya Sansthan","4.2","5","Backpacker Hostel","Plot No. 47, Avanti Vihar Rd, Near Study Circle",,"","{""latitude"":""21.2472051"",""longitude"":""81.6679511""}","https://www.google.com/maps/place/Nilay+Mahila+And+Kanya+Aawashiya+Sansthan/data=!4m7!3m6!1s0x3a28dda9aca1271d:0xfc7daf792c23ef69!8m2!3d21.2472051!4d81.6679511!16s%2Fg%2F11h1bhjsvj!19sChIJHSehrKndKDoRae8jLHmvffw?authuser=0&hl=en&rclk=1","0x3a28dda9aca1271d:0xfc7daf792c23ef69",
"Post metric ST girls hostel Shankar Nagar","5.0","3","Student housing center","6MX7+FGC",,"","{""latitude"":""21.248688"",""longitude"":""81.6637506""}","https://www.google.com/maps/place/Post+metric+ST+girls+hostel+Shankar+Nagar/data=!4m7!3m6!1s0x3a28dd1d9c22c921:0xec9bb593d8007f59!8m2!3d21.248688!4d81.6637506!16s%2Fg%2F11q9505dcl!19sChIJIckinB3dKDoRWX8A2JO1m-w?authuser=0&hl=en&rclk=1","0x3a28dd1d9c22c921:0xec9bb593d8007f59",
"Shivnath Boys Hostel","1.8","10","Lodging","6JXX+84J","098062 02211","","{""latitude"":""21.2483376"",""longitude"":""81.6477644""}","https://www.google.com/maps/place/Shivnath+Boys+Hostel/data=!4m7!3m6!1s0x3a28dd4694508faf:0x396a88322fe2c56b!8m2!3d21.2483376!4d81.6477644!16s%2Fg%2F11fq138qbb!19sChIJr49QlEbdKDoRa8XiLzKIajk?authuser=0&hl=en&rclk=1","0x3a28dd4694508faf:0x396a88322fe2c56b",
"Jagdish Hostels","4.0","2","Backpacker Hostel","behind Babylon Inn","081203 31327","","{""latitude"":""21.2573553"",""longitude"":""81.6386822""}","https://www.google.com/maps/place/Jagdish+Hostels/data=!4m7!3m6!1s0x3a28dd1146d0c28f:0x636cc2117abe2d33!8m2!3d21.2573553!4d81.6386822!16s%2Fg%2F11q9jf7tdn!19sChIJj8LQRhHdKDoRMy2-ehHCbGM?authuser=0&hl=en&rclk=1","0x3a28dd1146d0c28f:0x636cc2117abe2d33",
"Girls sharing hostel accommodation pg, ashyana",,,"Girl's Hostel","QTR NO 1A, KAILASH RESIDENCY, MIRA, Meera Datar Road","Open 24 hours","","{""latitude"":""21.2458569"",""longitude"":""81.6628993""}","https://www.google.com/maps/place/Girls+sharing+hostel+accommodation+pg,+ashyana/data=!4m7!3m6!1s0x3a28dd24c51474af:0x733bbe85c8771ae8!8m2!3d21.2458569!4d81.6628993!16s%2Fg%2F11fll4yps5!19sChIJr3QUxSTdKDoR6Bp3yIW-O3M?authuser=0&hl=en&rclk=1","0x3a28dd24c51474af:0x733bbe85c8771ae8","https://girls-sharing-hostel-accommodation-pg-ashyana.business.site/?utm_source=gmb&utm_medium=referral"
"Boys pg","4.1","32","Boy's Hostel","MATS University, Bus Stand, Near LIC building, in front of Forest Colony","079871 46029","""The best place to experience your hostel life.""","{""latitude"":""21.2530497"",""longitude"":""81.6496745""}","https://www.google.com/maps/place/Boys+pg/data=!4m7!3m6!1s0x3a28dd8d04d929d7:0xaa0d6abdfd726ca0!8m2!3d21.2530497!4d81.6496745!16s%2Fg%2F11ghv9xgjr!19sChIJ1ynZBI3dKDoRoGxy_b1qDao?authuser=0&hl=en&rclk=1","0x3a28dd8d04d929d7:0xaa0d6abdfd726ca0",
"Nikky girls hostel","4.7","117","Girl's Hostel","near Bus Stand","Open 24 hours  062685 66370","""Hostel is Quite Good, but girls are Not.ðŸ˜œ""","{""latitude"":""21.2507505"",""longitude"":""81.6501422""}","https://www.google.com/maps/place/Nikky+girls+hostel/data=!4m7!3m6!1s0x3a28dd0d20a682bb:0x424db2ac9316dc29!8m2!3d21.2507505!4d81.6501422!16s%2Fg%2F11f7gq5y7h!19sChIJu4KmIA3dKDoRKdwWk6yyTUI?authuser=0&hl=en&rclk=1","0x3a28dd0d20a682bb:0x424db2ac9316dc29","https://nikky-girls-hostel.business.site/"
"SHUKLAJI BOYS HOSTEL",,,"Backpacker Hostel","7J24+VCC",,"","{""latitude"":""21.2521782"",""longitude"":""81.6060034""}","https://www.google.com/maps/place/SHUKLAJI+BOYS+HOSTEL/data=!4m7!3m6!1s0x3a28dd126235f099:0xbdf5e8e0ddb8f36a!8m2!3d21.2521782!4d81.6060034!16s%2Fg%2F11s43pn4hf!19sChIJmfA1YhLdKDoRavO43eDo9b0?authuser=0&hl=en&rclk=1","0x3a28dd126235f099:0xbdf5e8e0ddb8f36a",
"Girls Hostel Pg",,,"Backpacker Hostel","Gupta Residency, bridge, beside grand honda lodhipara chowk service line",,"","{""latitude"":""21.2620701"",""longitude"":""81.6584636""}","https://www.google.com/maps/place/Girls+Hostel+Pg/data=!4m7!3m6!1s0x3a28ddaf9312222d:0xbdceca16e85c4449!8m2!3d21.2620701!4d81.6584636!16s%2Fg%2F11kbl4g7s2!19sChIJLSISk6_dKDoRSURc6BbKzr0?authuser=0&hl=en&rclk=1","0x3a28ddaf9312222d:0xbdceca16e85c4449",
"Vigour & Verve Girls Hostel","4.1","68","Girl's Hostel","near Karbala Talab Landmark : Jain Mandir, behind ANY TIME FITNESS","099930 13031","""This hostel is a really good place for girls .""","{""latitude"":""21.2452617"",""longitude"":""81.6111271""}","https://www.google.com/maps/place/Vigour+%26+Verve+Girls+Hostel/data=!4m7!3m6!1s0x3a28dd3c03738869:0x48b74971a6870d31!8m2!3d21.2452617!4d81.6111271!16s%2Fg%2F11rsr4m_nz!19sChIJaYhzAzzdKDoRMQ2HpnFJt0g?authuser=0&hl=en&rclk=1","0x3a28dd3c03738869:0x48b74971a6870d31","http://www.vigournverve.com/"
"USHA GIRLS HOSTEL","4.1","65","Girl's Hostel","behind Kalyan Jewellers","Open â‹… Closes 8â€¯pm  088893 88869","""Overall view - Don't think twice, just opt for the hostel.""","{""latitude"":""21.2511463"",""longitude"":""81.6494385""}","https://www.google.com/maps/place/USHA+GIRLS+HOSTEL/data=!4m7!3m6!1s0x3a28dd13704979ff:0x203d18b41f6ab8eb!8m2!3d21.2511463!4d81.6494385!16s%2Fg%2F11hyl36tpn!19sChIJ_3lJcBPdKDoR67hqH7QYPSA?authuser=0&hl=en&rclk=1","0x3a28dd13704979ff:0x203d18b41f6ab8eb",
"Hostel The Comfort Zone","4.2","37","Hostel","27/296","Open â‹… Closes 11â€¯pm","","{""latitude"":""21.2510524"",""longitude"":""81.6565956""}","https://www.google.com/maps/place/Hostel+The+Comfort+Zone/data=!4m7!3m6!1s0x3a28dd94b8ce6235:0x4d4549dd8daebffc!8m2!3d21.2510524!4d81.6565956!16s%2Fg%2F11fn50qfyd!19sChIJNWLOuJTdKDoR_L-ujd1JRU0?authuser=0&hl=en&rclk=1","0x3a28dd94b8ce6235:0x4d4549dd8daebffc",
"Nitesht Kumar",,,"Backpacker Hostel","24, Jail Rd",,"","{""latitude"":""21.2538304"",""longitude"":""81.6401629""}","https://www.google.com/maps/place/Nitesht+Kumar/data=!4m7!3m6!1s0x3a28dd29f4518f77:0xedf7f2d9bc4f2f55!8m2!3d21.2538304!4d81.6401629!16s%2Fg%2F11sct3rw7v!19sChIJd49R9CndKDoRVS9PvNny9-0?authuser=0&hl=en&rclk=1","0x3a28dd29f4518f77:0xedf7f2d9bc4f2f55",
"Parsad ""BOYS HOSTEL""","1.7","3","Student housing center","50/531",,"","{""latitude"":""21.2332149"",""longitude"":""81.6213056""}","https://www.google.com/maps/place/Parsad+%22BOYS+HOSTEL%22/data=!4m7!3m6!1s0x3a28dd1cca7092c3:0x3c8aff7d841acd9!8m2!3d21.2332149!4d81.6213056!16s%2Fg%2F11h0p4_qxg!19sChIJw5JwyhzdKDoR2axB2PevyAM?authuser=0&hl=en&rclk=1","0x3a28dd1cca7092c3:0x3c8aff7d841acd9",
"Dewangan Girls Hostel","3.8","17","Girl's Hostel","4/8386 road, no. 2, Bajrang Nagar Rd","Open 24 hours  076977 63683","""I was searching for a hostel for my friend and it was a decent experience.""","{""latitude"":""21.2427679"",""longitude"":""81.6251528""}","https://www.google.com/maps/place/Dewangan+Girls+Hostel/data=!4m7!3m6!1s0x3a28ddd50c1746b5:0x19cb1e9382c0b690!8m2!3d21.2427679!4d81.6251528!16s%2Fg%2F11gxhskzm7!19sChIJtUYXDNXdKDoRkLbAgpMeyxk?authuser=0&hl=en&rclk=1","0x3a28ddd50c1746b5:0x19cb1e9382c0b690",
"Shrivastava Boys Hostel","4.0","6","Boy's Hostel","Street No-3B","Open â‹… Closes 8â€¯pm","","{""latitude"":""21.2486511"",""longitude"":""81.6581856""}","https://www.google.com/maps/place/Shrivastava+Boys+Hostel/data=!4m7!3m6!1s0x3a28dd5395340261:0xf534b889351c4282!8m2!3d21.2486511!4d81.6581856!16s%2Fg%2F11jqd0bqh7!19sChIJYQI0lVPdKDoRgkIcNYm4NPU?authuser=0&hl=en&rclk=1","0x3a28dd5395340261:0xf534b889351c4282","https://shrivastava-boys-hostel.business.site/"
"JK girls hostel","4.6","19","Hostel","House no.-c97",,"""Hostel has spacious room and good facilities.""","{""latitude"":""21.2602439"",""longitude"":""81.6442209""}","https://www.google.com/maps/place/JK+girls+hostel/data=!4m7!3m6!1s0x3a28dd5a2603c715:0x5f4d7df198326b55!8m2!3d21.2602439!4d81.6442209!16s%2Fg%2F11mx3zrx0y!19sChIJFccDJlrdKDoRVWsymPF9TV8?authuser=0&hl=en&rclk=1","0x3a28dd5a2603c715:0x5f4d7df198326b55",
"Prithwani Girls Hostel (Hostel & Pg For Girls)","5.0","13","Backpacker Hostel","House No 452, G-2",,"""She Said the owner of hostel is very caring.""","{""latitude"":""21.2426684"",""longitude"":""81.5989325""}","https://www.google.com/maps/place/Prithwani+Girls+Hostel+%28Hostel+%26+Pg+For+Girls%29/data=!4m7!3m6!1s0x3a28dfb8a645b879:0xd9b9c50ed19e54b5!8m2!3d21.2426684!4d81.5989325!16s%2Fg%2F11k4vgjp21!19sChIJebhFprjfKDoRtVSe0Q7Fudk?authuser=0&hl=en&rclk=1","0x3a28dfb8a645b879:0xd9b9c50ed19e54b5",
"Ansari hostel","3.9","15","Boy's Hostel","7J6M+M5W",,"""Good boys Hostel Near railway.""","{""latitude"":""21.2617409"",""longitude"":""81.63296""}","https://www.google.com/maps/place/Ansari+hostel/data=!4m7!3m6!1s0x3a28dd8931e271d3:0x84cdebb726c64abe!8m2!3d21.2617409!4d81.63296!16s%2Fg%2F11dxbplv4h!19sChIJ03HiMYndKDoRvkrGJrfrzYQ?authuser=0&hl=en&rclk=1","0x3a28dd8931e271d3:0x84cdebb726c64abe",
"Godavari Seva Sadan Girls Hostel","4.1","561","Hostel","6JW9+CHR, Shayam Mandir Marg","077738 22280","""Hostel rooms, mess food and hygiene is fantastic.""","{""latitude"":""21.2461177"",""longitude"":""81.6189029""}","https://www.google.com/maps/place/Godavari+Seva+Sadan+Girls+Hostel/data=!4m7!3m6!1s0x3a28dde976414f93:0x89227baaa42dcd0d!8m2!3d21.2461177!4d81.6189029!16s%2Fg%2F11fyly9bsg!19sChIJk09BdundKDoRDc0tpKp7Iok?authuser=0&hl=en&rclk=1","0x3a28dde976414f93:0x89227baaa42dcd0d",
"Navya Girls Hostel","4.2","13","Girl's Hostel","6JV9+3M8",,"""Very nice place for students.""","{""latitude"":""21.2426577"",""longitude"":""81.6192029""}","https://www.google.com/maps/place/Navya+Girls+Hostel/data=!4m7!3m6!1s0x3a28ddc2088e65ef:0xb4f7dfcb8181ac8!8m2!3d21.2426577!4d81.6192029!16s%2Fg%2F11gb3nj2g6!19sChIJ72WOCMLdKDoRyBoYuPx9Tws?authuser=0&hl=en&rclk=1","0x3a28ddc2088e65ef:0xb4f7dfcb8181ac8",
"Aaft Boys' Hostel","4.3","12","Student housing center","7J7P+9JG, Pathak Hospital Gali",,"","{""latitude"":""21.2634305"",""longitude"":""81.636582""}","https://www.google.com/maps/place/Aaft+Boys%27+Hostel/data=!4m7!3m6!1s0x3a28ddb474a9ebad:0x61f48aa0ccab32f3!8m2!3d21.2634305!4d81.636582!16s%2Fg%2F11hdqvyzl1!19sChIJreupdLTdKDoR8zKrzKCK9GE?authuser=0&hl=en&rclk=1","0x3a28ddb474a9ebad:0x61f48aa0ccab32f3",
"Dhelabai Sonkar Hostel","3.8","57","Student housing center","6JF7+P8P, PS City Colony,Khoobchand Baghel Ward",,"""Very very nice Hostel""","{""latitude"":""21.2243409"",""longitude"":""81.6133263""}","https://www.google.com/maps/place/Dhelabai+Sonkar+Hostel/data=!4m7!3m6!1s0x3a28ddd1570de67d:0x1b508efff0cbba12!8m2!3d21.2243409!4d81.6133263!16s%2Fg%2F1ptxq5996!19sChIJfeYNV9HdKDoRErrL8P-OUBs?authuser=0&hl=en&rclk=1","0x3a28ddd1570de67d:0x1b508efff0cbba12",
"Rungta Girls Hostel","3.6","16","Girl's Hostel","Unnamed Road",,"""The best hostel in the raipur.""","{""latitude"":""21.2428002"",""longitude"":""81.6191985""}","https://www.google.com/maps/place/Rungta+Girls+Hostel/data=!4m7!3m6!1s0x3a28ddc2081478d5:0xb95aeb0160e270ac!8m2!3d21.2428002!4d81.6191985!16s%2Fg%2F11f_dvx27y!19sChIJ1XgUCMLdKDoRrHDiYAHrWrk?authuser=0&hl=en&rclk=1","0x3a28ddc2081478d5:0xb95aeb0160e270ac",
"Saraswati Niwas","3.7","57","Girl's Hostel","Street Number 6","Open â‹… Closes 9â€¯pm  099261 59053","""Its girls hostel
Boys are not allowed here""","{""latitude"":""21.251027"",""longitude"":""81.649591""}","https://www.google.com/maps/place/Saraswati+Niwas/data=!4m7!3m6!1s0x3a28dd767b2c7569:0xe9fc01c8ceb0f522!8m2!3d21.251027!4d81.649591!16s%2Fg%2F1tfzf5b6!19sChIJaXUse3bdKDoRIvWwzsgB_Ok?authuser=0&hl=en&rclk=1","0x3a28dd767b2c7569:0xe9fc01c8ceb0f522",
"Agrasen Chatrawash","3.8","140","Boy's Hostel","15/876","Open 24 hours","""The location of this hostel is also good.""","{""latitude"":""21.2449811"",""longitude"":""81.6329784""}","https://www.google.com/maps/place/Agrasen+Chatrawash/data=!4m7!3m6!1s0x3a28dd963a17cdb3:0xbb665ad2920fd67a!8m2!3d21.2449811!4d81.6329784!16s%2Fg%2F11fy4f2v04!19sChIJs80XOpbdKDoRetYPktJaZrs?authuser=0&hl=en&rclk=1","0x3a28dd963a17cdb3:0xbb665ad2920fd67a",
"Uma Devi Hostel",,,"Girl's Hostel","6JM3+WXC, Beside Verma kirana store, near sai mandir, behind cseb office",,"","{""latitude"":""21.2348183"",""longitude"":""81.6048761""}","https://www.google.com/maps/place/Uma+Devi+Hostel/data=!4m7!3m6!1s0x3a28dd2ae6e46d3f:0x77db64ceed258e80!8m2!3d21.2348183!4d81.6048761!16s%2Fg%2F11pbt7cl4n!19sChIJP23k5irdKDoRgI4l7c5k23c?authuser=0&hl=en&rclk=1","0x3a28dd2ae6e46d3f:0x77db64ceed258e80",
"Asha Girls Hostel",,,"Hostel","shop no 3, New Timber Market Rd","094255 08669","","{""latitude"":""21.257822"",""longitude"":""81.639777""}","https://www.google.com/maps/place/Asha+Girls+Hostel/data=!4m7!3m6!1s0x3a28dd84e5650501:0x9d598ba24813302a!8m2!3d21.257822!4d81.639777!16s%2Fg%2F11sbq_97gj!19sChIJAQVl5YTdKDoRKjATSKKLWZ0?authuser=0&hl=en&rclk=1","0x3a28dd84e5650501:0x9d598ba24813302a",
"Girls PG / Girls Hostel (Girls & women only)","3.7","45","Girl's Hostel","Shubham K. Mart, 2nd street, gate, LIC Rd, in front of Pandri","Open â‹… Closes 8:30â€¯pm  094252 13419","""Very good hostel , have good amenities, good landlords""","{""latitude"":""21.2530282"",""longitude"":""81.6504124""}","https://www.google.com/maps/place/Girls+PG+%2F+Girls+Hostel+%28Girls+%26+women+only%29/data=!4m7!3m6!1s0x3a28ddd8d24ea16b:0xf2469a499e47d235!8m2!3d21.2530282!4d81.6504124!16s%2Fg%2F11h6gcygvl!19sChIJa6FO0tjdKDoRNdJHnkmaRvI?authuser=0&hl=en&rclk=1","0x3a28ddd8d24ea16b:0xf2469a499e47d235","https://durga-girls-hostel.business.site/?utm_source=gmb&utm_medium=referral"
"Shrivastava Boys Hostel",,,"Boy's Hostel","Shreet no 3B","Open 24 hours  087882 90802","","{""latitude"":""21.2547232"",""longitude"":""81.6549186""}","https://www.google.com/maps/place/Shrivastava+Boys+Hostel/data=!4m7!3m6!1s0x3a28dd0ee8e3f8eb:0xf40861a3bb7d73a1!8m2!3d21.2547232!4d81.6549186!16s%2Fg%2F11p0gs05pp!19sChIJ6_jj6A7dKDoRoXN9u6NhCPQ?authuser=0&hl=en&rclk=1","0x3a28dd0ee8e3f8eb:0xf40861a3bb7d73a1","https://shrivastava-boys-hostel.business.site/"
"Shubhangi Hostel",,,"Girl's Hostel","6JV8+WXC, Unnamed Road",,"","{""latitude"":""21.244822"",""longitude"":""81.617379""}","https://www.google.com/maps/place/Shubhangi+Hostel/data=!4m7!3m6!1s0x3a28dd080a49b8b9:0xc0fedc74c7390eb4!8m2!3d21.244822!4d81.617379!16s%2Fg%2F11h0vshtnn!19sChIJubhJCgjdKDoRtA45x3Tc_sA?authuser=0&hl=en&rclk=1","0x3a28dd080a49b8b9:0xc0fedc74c7390eb4",
"Anandi girls hostel /pg in raipur","4.0","110","Girl's Hostel","in front, Pandri Rd Lic building, beside fashion house","Open â‹… Closes 9â€¯pm  099811 32602","""I have stayed in this hostel for five years of my graduation.""","{""latitude"":""21.2529425"",""longitude"":""81.65028""}","https://www.google.com/maps/place/Anandi+girls+hostel+%2Fpg+in+raipur/data=!4m7!3m6!1s0x3a28dd7703bc580b:0xb0aed3f4954e18ed!8m2!3d21.2529425!4d81.65028!16s%2Fg%2F11cn0yvthb!19sChIJC1i8A3fdKDoR7RhOlfTTrrA?authuser=0&hl=en&rclk=1","0x3a28dd7703bc580b:0xb0aed3f4954e18ed",